kit,subhost
107_1013093,"ООО ""Консультант-Навигатор"""
107_123643,"ООО ""Консультант-Навигатор"""
107_470943,"ООО ""Консультант-Навигатор"""
107_520235,"ООО ""Консультант-Навигатор"""
107_747096,"ООО ""Консультант-Навигатор"""
107_799703,"ООО ""Консультант-Навигатор"""
107_810207,"ООО ""Консультант-Навигатор"""
107_821761,"ООО ""Консультант-Навигатор"""
107_831839,"ООО ""Консультант-Навигатор"""
107_925537,"ООО ""Консультант-Навигатор"""
107_961660,"ООО ""Консультант-Навигатор"""
107_983656,"ООО ""Консультант-Навигатор"""
123_1023252,"ООО ""Консультант-Навигатор"""
123_1027106,"ООО ""Консультант-Навигатор"""
123_1031034,"ООО ""Консультант-Навигатор"""
123_1035765,"ООО ""Консультант-Навигатор"""
123_470922,"ООО ""Консультант-Навигатор"""
123_470926,"ООО ""Консультант-Навигатор"""
123_470931,"ООО ""Консультант-Навигатор"""
123_470933,"ООО ""Консультант-Навигатор"""
123_470941,"ООО ""Консультант-Навигатор"""
123_471012,"ООО ""Консультант-Навигатор"""
123_471020,"ООО ""Консультант-Навигатор"""
123_471049,"ООО ""Консультант-Навигатор"""
123_471051,"ООО ""Консультант-Навигатор"""
123_471187,"ООО ""Консультант-Навигатор"""
123_471218,"ООО ""Консультант-Навигатор"""
123_471223,"ООО ""Консультант-Навигатор"""
123_471228,"ООО ""Консультант-Навигатор"""
123_491658,"ООО ""Консультант-Навигатор"""
123_491662,"ООО ""Консультант-Навигатор"""
123_491668,"ООО ""Консультант-Навигатор"""
123_491677,"ООО ""Консультант-Навигатор"""
123_496756,"ООО ""Консультант-Навигатор"""
123_546404,"ООО ""Консультант-Навигатор"""
123_682026,"ООО ""Консультант-Навигатор"""
123_717584,"ООО ""Консультант-Навигатор"""
123_735852,"ООО ""Консультант-Навигатор"""
123_934219,"ООО ""Консультант-Навигатор"""
123_954710,"ООО ""Консультант-Навигатор"""
123_955790,"ООО ""Консультант-Навигатор"""
123_957495,"ООО ""Консультант-Навигатор"""
123_968488,"ООО ""Консультант-Навигатор"""
123_979052,"ООО ""Консультант-Навигатор"""
123_983655,"ООО ""Консультант-Навигатор"""
123_984736,"ООО ""Консультант-Навигатор"""
108_596300,"ООО ""Консультант-Навигатор"""
108_798996,"ООО ""Консультант-Навигатор"""
121_470929,"ООО ""Консультант-Навигатор"""
121_470946,"ООО ""Консультант-Навигатор"""
121_470969,"ООО ""Консультант-Навигатор"""
121_470970,"ООО ""Консультант-Навигатор"""
121_471004,"ООО ""Консультант-Навигатор"""
121_471005,"ООО ""Консультант-Навигатор"""
121_471006,"ООО ""Консультант-Навигатор"""
121_471007,"ООО ""Консультант-Навигатор"""
121_471009,"ООО ""Консультант-Навигатор"""
121_471010,"ООО ""Консультант-Навигатор"""
121_471011,"ООО ""Консультант-Навигатор"""
121_471021,"ООО ""Консультант-Навигатор"""
121_471023,"ООО ""Консультант-Навигатор"""
121_471025,"ООО ""Консультант-Навигатор"""
121_471026,"ООО ""Консультант-Навигатор"""
121_471027,"ООО ""Консультант-Навигатор"""
121_471028,"ООО ""Консультант-Навигатор"""
121_471029,"ООО ""Консультант-Навигатор"""
121_471034,"ООО ""Консультант-Навигатор"""
121_471035,"ООО ""Консультант-Навигатор"""
121_471036,"ООО ""Консультант-Навигатор"""
121_471037,"ООО ""Консультант-Навигатор"""
121_471038,"ООО ""Консультант-Навигатор"""
121_471039,"ООО ""Консультант-Навигатор"""
121_471040,"ООО ""Консультант-Навигатор"""
121_471041,"ООО ""Консультант-Навигатор"""
121_471042,"ООО ""Консультант-Навигатор"""
121_471043,"ООО ""Консультант-Навигатор"""
121_471054,"ООО ""Консультант-Навигатор"""
121_471070,"ООО ""Консультант-Навигатор"""
121_471137,"ООО ""Консультант-Навигатор"""
121_471138,"ООО ""Консультант-Навигатор"""
121_471213,"ООО ""Консультант-Навигатор"""
121_471281,"ООО ""Консультант-Навигатор"""
121_491657,"ООО ""Консультант-Навигатор"""
121_491675,"ООО ""Консультант-Навигатор"""
121_504080,"ООО ""Консультант-Навигатор"""
121_515550,"ООО ""Консультант-Навигатор"""
121_981848,"ООО ""Консультант-Навигатор"""
57_790845,"ООО ""Консультант-Навигатор"""
57_899180,"ООО ""Консультант-Навигатор"""
57_899182,"ООО ""Консультант-Навигатор"""
57_899184,"ООО ""Консультант-Навигатор"""
57_899186,"ООО ""Консультант-Навигатор"""
57_899187,"ООО ""Консультант-Навигатор"""
57_899188,"ООО ""Консультант-Навигатор"""
57_899189,"ООО ""Консультант-Навигатор"""
57_899195,"ООО ""Консультант-Навигатор"""
57_899225,"ООО ""Консультант-Навигатор"""
1_7571,"ООО ""Консультант-Навигатор"""
110_11488,"ООО ""Консультант-Навигатор"""
110_116342,"ООО ""Консультант-Навигатор"""
110_116343,"ООО ""Консультант-Навигатор"""
110_937493,"ООО ""Консультант-Навигатор"""
110_939797,"ООО ""Консультант-Навигатор"""
16_7394,"ООО ""Консультант-Навигатор"""
16_7395,"ООО ""Консультант-Навигатор"""
16_7401,"ООО ""Консультант-Навигатор"""
16_8942,"ООО ""Консультант-Навигатор"""
16_8943,"ООО ""Консультант-Навигатор"""
16_9885,"ООО ""Консультант-Навигатор"""
16_11863,"ООО ""Консультант-Навигатор"""
16_16130,"ООО ""Консультант-Навигатор"""
16_16138,"ООО ""Консультант-Навигатор"""
16_17010,"ООО ""Консультант-Навигатор"""
16_17321,"ООО ""Консультант-Навигатор"""
16_17835,"ООО ""Консультант-Навигатор"""
16_18099,"ООО ""Консультант-Навигатор"""
16_18121,"ООО ""Консультант-Навигатор"""
16_20489,"ООО ""Консультант-Навигатор"""
143_1005233,"ООО ""Консультант-Навигатор"""
143_1008596,"ООО ""Консультант-Навигатор"""
143_1030423,"ООО ""Консультант-Навигатор"""
143_1038033,"ООО ""Консультант-Навигатор"""
143_1045542,"ООО ""Консультант-Навигатор"""
143_1074358,"ООО ""Консультант-Навигатор"""
143_1096408,"ООО ""Консультант-Навигатор"""
143_1098993,"ООО ""Консультант-Навигатор"""
143_265362,"ООО ""Консультант-Навигатор"""
143_272150,"ООО ""Консультант-Навигатор"""
143_324296,"ООО ""Консультант-Навигатор"""
143_348526,"ООО ""Консультант-Навигатор"""
143_371728,"ООО ""Консультант-Навигатор"""
143_526437,"ООО ""Консультант-Навигатор"""
143_538196,"ООО ""Консультант-Навигатор"""
143_714231,"ООО ""Консультант-Навигатор"""
143_716971,"ООО ""Консультант-Навигатор"""
143_762774,"ООО ""Консультант-Навигатор"""
143_766164,"ООО ""Консультант-Навигатор"""
143_790255,"ООО ""Консультант-Навигатор"""
143_811097,"ООО ""Консультант-Навигатор"""
143_850782,"ООО ""Консультант-Навигатор"""
143_929847,"ООО ""Консультант-Навигатор"""
143_937690,"ООО ""Консультант-Навигатор"""
143_958949,"ООО ""Консультант-Навигатор"""
143_959836,"ООО ""Консультант-Навигатор"""
143_963829,"ООО ""Консультант-Навигатор"""
143_972612,"ООО ""Консультант-Навигатор"""
139_1003088,"ООО ""Консультант-Навигатор"""
139_1003657,"ООО ""Консультант-Навигатор"""
139_1005162,"ООО ""Консультант-Навигатор"""
139_1005189,"ООО ""Консультант-Навигатор"""
139_1006742,"ООО ""Консультант-Навигатор"""
139_1008622,"ООО ""Консультант-Навигатор"""
139_1013420,"ООО ""Консультант-Навигатор"""
139_1025385,"ООО ""Консультант-Навигатор"""
139_1042951,"ООО ""Консультант-Навигатор"""
139_1071364,"ООО ""Консультант-Навигатор"""
139_1078312,"ООО ""Консультант-Навигатор"""
139_160612,"ООО ""Консультант-Навигатор"""
139_260617,"ООО ""Консультант-Навигатор"""
139_390640,"ООО ""Консультант-Навигатор"""
139_407530,"ООО ""Консультант-Навигатор"""
139_490715,"ООО ""Консультант-Навигатор"""
139_519243,"ООО ""Консультант-Навигатор"""
139_557174,"ООО ""Консультант-Навигатор"""
139_563842,"ООО ""Консультант-Навигатор"""
139_721868,"ООО ""Консультант-Навигатор"""
139_751800,"ООО ""Консультант-Навигатор"""
139_763743,"ООО ""Консультант-Навигатор"""
139_769582,"ООО ""Консультант-Навигатор"""
139_796597,"ООО ""Консультант-Навигатор"""
139_805913,"ООО ""Консультант-Навигатор"""
139_911533,"ООО ""Консультант-Навигатор"""
139_917731,"ООО ""Консультант-Навигатор"""
139_952115,"ООО ""Консультант-Навигатор"""
139_957355,"ООО ""Консультант-Навигатор"""
139_957461,"ООО ""Консультант-Навигатор"""
139_959409,"ООО ""Консультант-Навигатор"""
139_962021,"ООО ""Консультант-Навигатор"""
139_968182,"ООО ""Консультант-Навигатор"""
139_979214,"ООО ""Консультант-Навигатор"""
139_981736,"ООО ""Консультант-Навигатор"""
139_994907,"ООО ""Консультант-Навигатор"""
139_996491,"ООО ""Консультант-Навигатор"""
139_996666,"ООО ""Консультант-Навигатор"""
135_1025386,"ООО ""Консультант-Навигатор"""
135_1027109,"ООО ""Консультант-Навигатор"""
135_470951,"ООО ""Консультант-Навигатор"""
140_134463,"ООО ""Консультант-Навигатор"""
140_595925,"ООО ""Консультант-Навигатор"""
140_596106,"ООО ""Консультант-Навигатор"""
140_596188,"ООО ""Консультант-Навигатор"""
140_768936,"ООО ""Консультант-Навигатор"""
140_769330,"ООО ""Консультант-Навигатор"""
140_802662,"ООО ""Консультант-Навигатор"""
140_821717,"ООО ""Консультант-Навигатор"""
140_990302,"ООО ""Консультант-Навигатор"""
140_991801,"ООО ""Консультант-Навигатор"""
144_1031075,"ООО ""Консультант-Навигатор"""
144_596000,"ООО ""Консультант-Навигатор"""
144_735065,"ООО ""Консультант-Навигатор"""
144_832465,"ООО ""Консультант-Навигатор"""
144_927600,"ООО ""Консультант-Навигатор"""
144_983869,"ООО ""Консультант-Навигатор"""
136_1024470,"ООО ""Консультант-Навигатор"""
136_1032328,"ООО ""Консультант-Навигатор"""
136_1036810,"ООО ""Консультант-Навигатор"""
136_574947,"ООО ""Консультант-Навигатор"""
136_595839,"ООО ""Консультант-Навигатор"""
136_595956,"ООО ""Консультант-Навигатор"""
136_596061,"ООО ""Консультант-Навигатор"""
136_596078,"ООО ""Консультант-Навигатор"""
136_596104,"ООО ""Консультант-Навигатор"""
136_596110,"ООО ""Консультант-Навигатор"""
136_596226,"ООО ""Консультант-Навигатор"""
136_596283,"ООО ""Консультант-Навигатор"""
136_596333,"ООО ""Консультант-Навигатор"""
136_596359,"ООО ""Консультант-Навигатор"""
136_705836,"ООО ""Консультант-Навигатор"""
136_759591,"ООО ""Консультант-Навигатор"""
136_766022,"ООО ""Консультант-Навигатор"""
136_811283,"ООО ""Консультант-Навигатор"""
136_822570,"ООО ""Консультант-Навигатор"""
136_823870,"ООО ""Консультант-Навигатор"""
136_829690,"ООО ""Консультант-Навигатор"""
136_830606,"ООО ""Консультант-Навигатор"""
136_874888,"ООО ""Консультант-Навигатор"""
136_913653,"ООО ""Консультант-Навигатор"""
136_938279,"ООО ""Консультант-Навигатор"""
136_991800,"ООО ""Консультант-Навигатор"""
136_995224,"ООО ""Консультант-Навигатор"""
141_774769,"ООО ""Консультант-Навигатор"""
141_909690,"ООО ""Консультант-Навигатор"""
145_850178,"ООО ""Консультант-Навигатор"""
137_760078,"ООО ""Консультант-Навигатор"""
137_849366_2,"ООО ""Консультант-Навигатор"""
137_999462,"ООО ""Консультант-Навигатор"""
133_1027102,"ООО ""Консультант-Навигатор"""
133_1027103,"ООО ""Консультант-Навигатор"""
133_1027104,"ООО ""Консультант-Навигатор"""
133_1027105,"ООО ""Консультант-Навигатор"""
133_1027107,"ООО ""Консультант-Навигатор"""
133_1027108,"ООО ""Консультант-Навигатор"""
168_1049529,"ООО ""Консультант-Навигатор"""
168_1049530,"ООО ""Консультант-Навигатор"""
168_1049534,"ООО ""Консультант-Навигатор"""
168_1053938,"ООО ""Консультант-Навигатор"""
168_1053942,"ООО ""Консультант-Навигатор"""
168_1053943,"ООО ""Консультант-Навигатор"""
168_1053947,"ООО ""Консультант-Навигатор"""
168_1053948,"ООО ""Консультант-Навигатор"""
168_1053950,"ООО ""Консультант-Навигатор"""
168_1053952,"ООО ""Консультант-Навигатор"""
168_1053956,"ООО ""Консультант-Навигатор"""
168_1065008,"ООО ""Консультант-Навигатор"""
168_1065009,"ООО ""Консультант-Навигатор"""
168_1065010,"ООО ""Консультант-Навигатор"""
168_1065030,"ООО ""Консультант-Навигатор"""
168_1065034,"ООО ""Консультант-Навигатор"""
168_1069249,"ООО ""Консультант-Навигатор"""
168_1071996,"ООО ""Консультант-Навигатор"""
168_1087308,"ООО ""Консультант-Навигатор"""
168_1087320,"ООО ""Консультант-Навигатор"""
138_9869,"ООО ""Консультант-Навигатор"""
138_30410,"ООО ""Консультант-Навигатор"""
138_30609,"ООО ""Консультант-Навигатор"""
138_1030646,"ООО ""Консультант-Навигатор"""
138_1033409,"ООО ""Консультант-Навигатор"""
138_383010,"ООО ""Консультант-Навигатор"""
138_540059,"ООО ""Консультант-Навигатор"""
138_595936,"ООО ""Консультант-Навигатор"""
138_596242,"ООО ""Консультант-Навигатор"""
138_596288,"ООО ""Консультант-Навигатор"""
138_718533,"ООО ""Консультант-Навигатор"""
138_722182,"ООО ""Консультант-Навигатор"""
138_752633,"ООО ""Консультант-Навигатор"""
138_788635,"ООО ""Консультант-Навигатор"""
138_806371,"ООО ""Консультант-Навигатор"""
138_819428,"ООО ""Консультант-Навигатор"""
138_829034,"ООО ""Консультант-Навигатор"""
138_865299,"ООО ""Консультант-Навигатор"""
138_911274,"ООО ""Консультант-Навигатор"""
138_961874,"ООО ""Консультант-Навигатор"""
138_983089,"ООО ""Консультант-Навигатор"""
138_994890,"ООО ""Консультант-Навигатор"""
154_1021734,"ООО ""Консультант-Навигатор"""
154_224255,"ООО ""Консультант-Навигатор"""
154_595810,"ООО ""Консультант-Навигатор"""
154_829717,"ООО ""Консультант-Навигатор"""
148_1002254,"ООО ""Консультант-Навигатор"""
148_1008942,"ООО ""Консультант-Навигатор"""
148_1015665,"ООО ""Консультант-Навигатор"""
148_1015666,"ООО ""Консультант-Навигатор"""
148_1015667,"ООО ""Консультант-Навигатор"""
148_1025406,"ООО ""Консультант-Навигатор"""
148_1027099,"ООО ""Консультант-Навигатор"""
148_1027100,"ООО ""Консультант-Навигатор"""
148_1027101,"ООО ""Консультант-Навигатор"""
148_1045137,"ООО ""Консультант-Навигатор"""
148_1074355,"ООО ""Консультант-Навигатор"""
148_937693,"ООО ""Консультант-Навигатор"""
148_957496,"ООО ""Консультант-Навигатор"""
148_957497,"ООО ""Консультант-Навигатор"""
149_1088273,"ООО ""Консультант-Навигатор"""
149_955791,"ООО ""Консультант-Навигатор"""
150_877008,"ООО ""Консультант-Навигатор"""
150_878809,"ООО ""Консультант-Навигатор"""
150_882883,"ООО ""Консультант-Навигатор"""
151_958644,"ООО ""Консультант-Навигатор"""
151_979047,"ООО ""Консультант-Навигатор"""
152_934218,"ООО ""Консультант-Навигатор"""
